dismembering,whereby
dismembering,something
diplomatic,decipher
diastereoselectivity,diastereoisomer
clap out,space
fairishly,acceptably
get with,contact
scientist,use
Pravda,newspaper
Pravda,new
reaccentuation,ballet
marriage line,horizontal
lame duck,whole
missus,wanted
nonsurvivability,absence
hemiglossectomy,tongue
agent participle,something
translanguaging,whereby
macropathology,staging
floating dock,typically
elaborateness,something
wineskin,holding
significance,extent
significance,something
play up,misbehave
play up,something
Byzantinization,something
glance away,something
TT,table
cage stage,conversion
Brass Monkey,sometime
duetting,sing
intenible,holding
aldolase,conversion
fabricated,construct
thickset,new
hylozoist,hylozoism
alignment,adjust
multipackage,package
long drum,typically
technophobia,new
fire alarm horn,hazard
get carried away,something
get carried away,new
watermelon,typically
dorsoparietal,parietal
to the power of,power
top and but,breadth
lehendakari,new
bicycle lane,use
dissipation,dispersion
closure,completeness
closure,enclose
phytanic acid,diterpenoid
unlocking,something
unloose,something
forepossessed,holding
zinc group,table
notorious,something
robust australopithecine,sometime
thamnophilid,antbird
tonguedness,tongue
scale mail,overlapping
unsplinted,incidence
absence,wanted
absence,contact
quadtone,whole
imbibing,something
intentive,intent
gamble,something
presystolic,preceding
septemvir,office
receptive aphasia,tactile
success,something
success,new
rapefic,typically
gamma radiation,gamma
neon lamp,sometime
flatweave,horizontal
Doctor of Musical Arts,musician
wet-and-dry-bulb hygrometer,table
osteoinductivity,extent
osteoinductivity,something
trigeneration,power
cospatially,space
rememberer,moribund
windstorm,violent
robot revolution,use
cone-in-cone,concentric
cone-in-cone,sometime
semimajor,stadium
bread machine,household
bread machine,use
cloudish,cloud
forespace,space
synchrotron radiation,synchrotron
inundated,flood
decoding,something
decoding,processing
skeptical,experimental
skeptical,scientist
midturn,ballet
divisor function,power
parenthesis,enclose
parenthesis,parenthetical
parenthesis,use
rake off,something
quicklier,rapidity
joint probability,space
cloudless,cloud
insipidity,something
transfascial,technique
strabismus,imbalance
overstate,spending
cresselle,sometime
Döbereiner's lamp,flame
piroxicam,oxicam
stackback,space
embowel,enclose
roger beep,power
thirteenth,whole
dust cap,something
red trillium,eastern
adulting,typically
short-range,use
short-range,something
order of magnitude,preceding
order of magnitude,something
digress,grace
bandwidth,typically
balletomane,ballet
char kway teow,soy
faradotherapy,use
plinabulin,experimental
confirmatively,deem
confirmatively,diagnosis
get out of jail free card,something
packlike,investor
jumpgate,space
entozoon,debt
hydrodynamization,conversion
cyclodiathermy,use
arbelos,baseline
brushy,brushlike
stringcourse,horizontally
stringcourse,typically
stringcourse,inserting
stringcourse,horizontal
Western Union splice,twisting
celebrant,something
lead-glazed,new
lead-glazed,use
diffractometry,use
bastard pennyroyal,eastern
iris shot,use
iris shot,cinematic
Africanist dance,descent
cannabichromevarin,phytocannabinoid
session musician,musician
peracetic acid,peroxy
recital,something
aarti,ritual
tongue thrust,imbalance
tongue thrust,tongue
foreconstruct,construct
bandini,bottom
tree well,typically
tree well,urban
cyclometric,trigonometric
ion exchange,whereby
monomodal,dispersion
prevarication,office
case knife,table
inurbane,unpolished
scabrities,unsure
build on,manager
adornment,mainly
knight marshal,household
knight marshal,responsible
code name,something
kumbha,pottery
cryomaceration,technique
comparative method,technique
ferrying,something
advertisement,newspaper
josser,probably
wet willy,whereby
wet willy,twisting
beray,befoul
novelry,new
engineerization,conversion
bridewell,sometime
uramphite,phosphorus
prorectorate,office
keymask,bitmask
paranasal,space
proacrosin,acrosin
radiology,use
radiology,diagnosis
intent,something
nonsoundtrack,new
Fowler process,vapor
reigle,flood
graphoepitaxy,alignment
harpoon,something
Natterer's slaty antshrike,antbird
scarcement,footing
proclamatory,federal
shitkicker,something
nonbone,table
even-bishop,cobishop
national court,power
national court,typically
sextortion,use
homeomorphism,space
contactor,power
succedaneous,something
underfringe,something
admixtured,something
pregrind,something
pregrind,use
public service announcement,advertisement
sanitization,something
snowgun,use
preventability,extent
preventability,something
scrooge,spending
guilty pleasure,something
mivacurium,neuromuscular
context-sensitive,new
context-sensitive,technique
calcographic,calcography
biotinylation,macromolecule
biochip,macromolecule
warrant canary,technique
cheapskate,spending
bicrossproduct,construct
monster truck,typically
onloan,something
chrysotherapy,use
macrodispersion,dispersion
zero-zero,power
fat bike,traction
multipreconditioned,space
salutatory,new
salutatory,newspaper
photocatalyzed,use
Jesuism,whole
styloglossal,tongue
negative lookbehind,preceding
negative lookbehind,absence
electrohysterography,technique
snorer,whole
cathead biscuit,typically
drop-leaf table,table
drop-leaf table,horizontal
incidence,something
incidence,extent
incidence,new
playthrough,typically
paamayim nekudotayim,programming
pleb,undistinguished
interrupting time,power
acidification,something
put up a show,something
clean sheet,absence
clean sheet,debt
Louis dressing,typically
vitreolysis,technique
vitreolysis,use
and finally,new
and finally,typically
etiocholanolone,use
hooking,something
guilty as charged,extent
guilty as charged,responsible
guilty as charged,something
proconvention,new
package,something
chess master,exceptionally
tumefactive,paranasal
safe bet,something
sensorless,use
pryany,pryan
commensal,table
son of a motherless goat,oath
poppy bee,use
wet-on-wet,technique
topological vector space,space
informationally,informational
end line,something
ethnographically,aborigine
ethnographically,new
overroast,sipping
code-switch,typically
identification space,space
blue-pencil,use
mind-boggler,something
dexpramipexole,experimental
cosmochemistry,space
inheritance law,debt
Grassmannian,space
unshrink,something
immediate mode,responsible
calumniate,intent
frame up,new
tourscape,locally
opposed cylinder,horizontally
homonegative,holding
homonegative,eastern
civilian,profession
tannal,sometime
inquirance,inquiry
contemplate,meditate
benevolent,eastern
reverse question,technique
preapocalyptic,new
crossbody,horizontally
oil-canning,typically
vitriolize,injure
oesophagismus,spasm
counterword,new
vitamin P,resistance
table,bottom
measure theory,generalize
pleroma,power
metergram,power
glebe,meadow
azimuthon,azimuthally
contrafact,new
Europop,lyrics
travelling-wave tube,power
leptokurtosis,kurtosis
western pleasure,relaxed
chump change,insignificant
chump change,new
nucleic,something
binomial theorem,power
cerebrospinal fluid,space
caxirola,bottom
colistin,sometime
babooning,ritual
evincive,power
satratoxin,trichothecene
toroidalization,conversion
toroidalization,use
harpist,pedal
dazibao,newspaper
exodermal,flame
downrate,something
bedtable,table
apartheidlike,space
turboload,saving
prophetization,something
Harderian,swiss
curvelet,processing
antiautomobile,use
lifehacking,use
lifehacking,office
uptear,amidships
elementary school,typically
videoendoscopy,endoscopy
scrimpy,scanty
threepence,new
Moor,mainly
styptic pencil,typically
linearizer,linearize
autohexaploid,hexaploid
overcrowdedness,overcrowded
hairy,probably
offsite,pricey
lunation,new
post-ovulation,ovulation
unmeaning,significance
wren,mainly
wren,new
targeted killing,civilian
Crown land,use
tripus,ossicle
antennate,contact
reconfigure,new
superwavelength,numerically
haemochorial,contact
vibratile,power
phytocassane,resistance
cohousing,space
samiti,incident
neurolemma,axon
ulcerovegetant,endoscopy
roof assembly,vapor
roof assembly,retarder
resistance,new
resistance,urban
contact call,contact
melius inquirendum,something
selsoviet,federal
bricklike,package
diacetylverrucarol,trichothecene
laboratorization,conversion
auto show,typically
use,scientist
ectocommensal,commensal
bulkhead,flood
breeze through,something
lock down,use
rensselaerite,sometime
rensselaerite,worked
nontactile,tactile
preceding,something
noncytologic,cytologic
smecticity,experimental
astrologaster,foolish
externalization,something
obstructive,something
Yugur,minority
unbeatable,something
split the house,use
long throw,header
backglass,mounted
taxable,something
astral plane,new
reblot,something
neodecanoic acid,methyl
kabuki,use
katajjaq,sing
erythrophagocytosis,phagocytosis
insensibly,something
kurtotic,kurtosis
make interesting,use
bolthole,exit
kneeband,bottom
probably,scientist
reading room,space
cessio bonorum,debt
construct,something
construct,technique
hermicity,orthogonal
gurry-butt,sometime
embalm,something
water on the brain,hydrocephalus
collegial,power
collegial,profession
histocompatibility gene,responsible
sidemeat,typically
syringoma,typically
barmcake,foolish
dagnammit,oath
pluperfect tense,something
yellowhorn,something
nonrevascularizable,use
platen,table
pleurodirous,horizontal
flood,something
hypercorrect,use
tour operator,package
contact,something
savingram,use
Olivier salad,mainly
whistlelike,shrill
docosanol,mainly
docosanol,antiviral
up the ante,stake
up the ante,something
turn to,sometime
Bowenwork,technique
divester,investor
globe daisy,sometime
laydown,something
processable,processing
verdurous,new
staffroom,use
staffroom,relaxed
pole-vault,something
nativization,whereby
megavitamin,technique
megavitamin,catastrophe
Winchester quart,holding
trail behind,something
trail behind,tech
contactable,contact
lipscombite,phosphorus
chicken feed,insignificant
talk shite,something
make a fool of,foolish
thimbled,socket
Ferranti effect,resistance
misaccount,narrative
threnodial,threnody
enfant de coeur,sing
enfant de coeur,typically
congestion,hindrance
congestion,something
triloop,nucleic
subtectorial,space
coilgun,use
coilgun,accelerate
coilgun,contact
exploder,something
hero worship,admiration
rubber policeman,gravimetric
speech therapy,logopedic
Kleene closure,closure
unabbreviate,something
destine,something
destine,use
wartime house,typically
wartime house,federal
loiter-sack,new
mulligatawny,table
bowling alley,bowling
sealpox,contact
homophenylalanine,homologue
diaclasis,infiltration
poiser,something
ladies,use
sociopragmatics,use
whangdoodle,stake
obliquity,horizontal
obliquity,sometime
godfather,something
godfather,minority
godfather,power
et cetera,something
balloon,choosing
balloon,resistance
learning streak,sometime
back off,something
muttering,something
endless runner,hazard
acharya,revered
make the passes,hypnotic
make the passes,technique
framing,something
spectation,something
feel around,something
cybersystem,interlink
tenacious,holding
tax rate,something
astrophilia,space
poetling,insignificant
tetrafunctional,typically
permastone,construct
termitophagy,mainly
inflamed,flame
progressive longways formation,new
photodynamic therapy,use
Dyson sphere,power
grinny,eastern
continentalism,continental
breakaway,something
pixy-led,bewildered
East Indiaman,power
symbolry,use
notecard,use
throttle down,power
gymnosis,absence
commensurizer,something
circular saw,power
diagnosis,something
henge,space
editorship,sometime
recoherence,coherence
bilineal,descent
herostratically,extent
long legs,power
occipitalis,sometime
overrespond,something
cisvestism,profession
windlass,use
miration,something
dermatographia,inflamed
metapuzzle,sometime
Qarmatian,eastern
Qarmatian,attempted
Qarmatian,utopian
tach up,accelerate
money dance,sometime
reput,something
mackinaw skiff,bottom
mackinaw skiff,extent
obtuse-angled,obtuse
wikistorming,viewpoint
pumpability,resistance
marriage-industrial complex,holding
family-friendly,deem
family-friendly,use
voivode,eastern
spinney,copse
harbourer,something
inapparency,absence
blue-white screen,technique
circumferentor,horizontal
urson,new
nondaily,newspaper
nondaily,new
clef,space
you can't put an old head on young shoulders,inevitably
commercial break,advertisement
true daikon,watermelon
offer up,something
offer up,breakaway
reintroduction,something
poppyhead,tops
nonconstructive,something
saccharogen,something
oaked,oak
vatakkiruttal,ritual
preconsonantal,preceding
brain trick,delusion
echocardiograph,use
bioisostere,methyl
misdemean,misbehave
homestay,whereby
depone,stake
superfatting,use
squirrel cage,bottom
epical,revered
epical,narrative
woolly bear,hairy
eighty-eighth,whole
demask,milled
meditate,contemplate
meditate,something
glucine,phosphorus
stake,success
ask round,something
porocephaliasis,tongue
erethizontid,new
phagosensor,construct
polyuridine,nucleic
responsible,something
white coal,power
talk up,something
cool cat,relaxed
anovulant,ovulation
wikification,new
oldie but goodie,something
nocebo effect,new
counterhistory,aristocrat
rewriteman,newspaper
rewriteman,new
crowdsourcing,new
embossment,something
transubstantiator,transubstantiation
Jedicide,new
roller sledge hockey,use
clubman,use
bulgur,eastern
ginsenoside,responsible
midjump,sometime
semiglutin,insoluble
mud army,flood
safer sex,use
fat content,something
radioisotopic,radioisotope
furunculous,furuncular
maprotiline,sedative
maprotiline,sympathomimetic
iconically,extent
entrenchment,something
entrenchment,construct
chirpy,use
homology,space
homology,table
akonting,sing
reedist,musician
reedist,drummer
diskspace,space
axillofemoral,axillary
choledochal,duplication
nonstrike,manager
chromodomain,responsible
esclandre,incident
esclandre,wisely
esclandre,misery
supergrowth,something
tag off,use
tag off,exit
oscitant,intent
transreplication,replication
musician,sing
musician,profession
scanty,table
high bailiff,responsible
dog park,typically
news crawl,new
steam reforming,methane
trigonometric,construct
leucinostatin,antitumor
dog-fox,meadow
outsole,contact
take advantage,scientist
cancelled to order,use
unimitative,something
postorgasmic illness syndrome,absence
eisegesis,viewpoint
eisegesis,something
hobbity,hairy
dhikr,whereby
weigh out,something
oak,table
texturizer,something
sortance,suitability
mobad,celebrant
denotation,something
metonymically,metonymic
Herbrand universe,designate
keep up with,something
long-term,vapor
nuclearly,power
debt,something
paper shop,newspaper
multimonitor,eastern
indestructibly,extent
paraclinical,technique
paraclinical,clinical
paraclinical,radiology
intervillous space,space
exitron,processing
red phosphorus,phosphorus
energy expenditure,use
fretworked,table
yarl,sing
rhizodont,socket
throw lathe,worked
life force,something
polocrosse,mounted
heaven forfend,something
warrant of attorney,debt
black cuckooshrike,new
go-faster stripe,horizontal
squeeze up,space
begirt,enclose
nikujaga,soy
hypergastrinemia,gastrin
close-minded,new
tricliniary,table
turnout,use
morningmare,new
ethidium,nucleic
manager,something
ergosphere,space
loopspace,space
space weapon,space
tiotropium,obstructive
natural join,table
awareness bracelet,typically
archaization,something
power hockey,power
boneshaker,something
patotara,new
patotara,eastern
telemeteorograph,office
lightlessness,absence
spin-off,space
spin-off,preceding
spin-off,cheers
rattlebrained,foolish
remagnetize,something
remember like it was yesterday,something
sexual abuse,incident
largess,benevolent
tech,technique
mid-twentieth,diplomatic
mack daddy,table
homologue,something
grangerise,use
cult hit,something
neuropercolation,neuropil
dayer,something
acrobalance,use
vetitive,something
pseudohypoparathyroidism,resistance
portend,teenybopper
somatypology,somatotype
reconquest,something
hard pine,pinus
predisco,preceding
predisco,space
mixed number,whole
submicrometric,contact
submicrometric,vapor
tetrahalomethane,methane
PSPO,space
fosterment,something
lophodonty,lophodont
lymphoplasmocytic,lymphoplasmocyte
ex-stepmother,typically
depth of field,processing
depth of field,technique
statismospore,spore
fluoroacetamide,methyl
pop musician,sing
norboletone,anabolic
papacy,office
softplus,analytic
hexanediol,use
native species,new
fringy,scientist
kickdrum,drummer
pulsing,something
tumah,ritual
tumah,contact
gabbart,sometime
appeal to authority,deem
purveyance,use
Byzantism,use
postglacial rebound,continental
mirrortree,technique
longirostrine,new
zone foot therapy,technique
Christian soldier,use
Christian soldier,new
hatlessness,absence
succinct,use
bullpup,space
motor vehicle,power
strip mine,use
nonresectable,locally
software escrow,holding
diluvial,flood
holding,something
chirpine,pinus
angle for,something
angle for,office
dangersome,danger
Francophilia,admiration
inexuperable,unbeatable
wife-in-law,typically
pore over,something
poignantly,yearning
poignantly,sometime
breast ironing,typically
gameography,worked
clausal,construct
philanthropy,benevolent
horizontally,horizontal
casing nail,holding
brown spot,table
Cornish wrestling,judo
analytification,something
obelisklike,pricey
full body scanner,contact
voguishly,voguish
cliché-verre,technique
collineation,space
multicanaliculate,probably
millefiori,technique
kantar,eastern
matrix decomposition,table
adjust,new
shaftway,space
aegis,power
hold up as,something
narratology,narrative
mooi-jai,household
neoprimitivist,neoprimitivism
dung beetle,use
Danish-Canadian,descent
full time,worked
thoracodorsal,artery
hydrogeographer,hydrogeography
demobilizer,demobilize
Papuan,new
piss oneself,extent
waterline,horizontal
basidium,spore
schertelite,phosphorus
glycoprofiling,use
glycoprofiling,technique
turning circle,extent
powerholding,power
liberty bodice,typically
4-2-4,power
4-2-4,midfielder
porthouse,office
porthouse,responsible
porthouse,space
lycopodium powder,spore
lycopodium powder,sometime
photoaffinity labeling,technique
photoaffinity labeling,macromolecule
photoaffinity labeling,photochemically
moffle,something
diakoptics,whole
middle ear,ossicle
biofumigation,glucosinolate
boxhaul,new
inculpatory,something
acceptant,something
chemoantiviral,antiviral
burnt ear,whole
trihalomethane,methane
sargable,use
methyl,methane
merispore,spore
barghest,sometime
householder,household
lettered,educated
come to Jesus,conversion
come to Jesus,ritual
xenocontamination,feeder
mad for it,something
quantum computing,use
pending,something
protected membrane roof,sometime
run for one's life,danger
indirect report,manager
warren,overcrowded
bookholder,holding
Marquesic,eastern
uncrook,worked
turn-up,bottom
turn-up,something
transvestite,sometime
transvestite,typically
liftline,queue
pornobilly,lyrics
polypore,typically
q-analog,new
q-analog,chaotic
hypoarticulation,space
food fight,typically
food fight,chaotic
lithopedion,whereby
undermilled,milled
windjamming,sometime
ghani,power
paddy field,flood
cursoriness,cursory
pterocardiac,calcein
pterocardiac,ossicle
fraction bar,horizontal
God-fearer,new
weaponsmithing,profession
make a go of,something
make a go of,new
metatypy,new
metatypy,probably
moonlight requisition,use
South Islander,new
monopolist,something
something,new
clavellated,probably
congest,something
neurofeedback,sometime
schola,musician
reinforcement,whereby
seventy-fourth,whole
Ehrenstein illusion,concentric
Albert chain,pocket
Albert chain,buttonhole
mobilise,something
rhythmic gesture,whole
stick out like a sore thumb,table
stick out like a sore thumb,something
stick out like a sore thumb,eastern
stick out like a sore thumb,use
justification,alignment
dabbling,something
utopiast,utopian
resveratrol,reput
spaceplane,space
pornographic,something
Newtonmas,new
optical tweezers,use
holyhedron,polygonal
transubstantiation,conversion
transubstantiation,holding
ultrametrics,use
mokusatsu,something
dirty dairying,new
crumminess,crummy
Mini Cube,pocket
counternarrative,narrative
phosphane,phosphorus
cut to the chase,something
picocell,office
codependency,something
statically-typed,use
redistrict,adjust
vesting schedule,extent
pyramid scheme,whereby
pyramid scheme,investor
detoxification unit,new
dermographia,dermatographia
pentalayer,resistance
reality testing,technique
senegin,probably
vapor,use
immomentous,insignificant
innubilous,cloudless
fuelwood,use
gene transfer,horizontally
braai,flame
greedy property,locally
testfire,new
testfire,diplomatic
sergeant,sometime
pranksterish,new
Monte Cristo sandwich,sometime
sand wedge,bottom
radio amateur,practise
carbomethoxy,methyl
transmitter,something
colour wheel,use
pull-down,technique
pull-down,conversion
geoparticle,use
threadgoldite,phosphorus
aerily,atmospherically
clack dish,use
aleydigism,absence
patriarchy,household
patriarchy,power
patriarchy,office
waza-ari,extent
geosmin,responsible
dream trance,typically
interblock,space
dictature,office
gridlock,congestion
unparryable,danger
admiration,something
public trustee,office
botrytis,responsible
corolliflorous,corollifloral
bassman,drummer
bassman,manager
slide whistle,slapstick
C-channel,framing
nonresponsible,responsible
crossprotection,resistance
oligochaetologist,scientist
public authority,power
public authority,holding
parentation,something
snazztastic,new
nephrophane,construct
arformoterol,obstructive
astronavigator,space
demobilize,footing
politicaster,new
mauve box,hoax
irradiance,power
bigleaf magnolia,eastern
coalesce,whole
coalesce,contact
shucks,bashful
macro language,processing
abyssally,extent
enclose,package
rain cloud,cloud
voxelization,conversion
semipermissive,replication
calendarist,use
repudiate,debt
woolshed,new
solenogaster,sometime
plug and feather,technique
Burns night,recital
bowling figures,bowling
orthant,space
deperish,sometime
deperish,inanition
nubilate,cloud
swage block,use
calabur tree,new
calabur tree,use
emblazonry,something
poncho,typically
pion rocket,use
pion rocket,annihilation
give one's eye-teeth,something
interplant distance,optimum
coagulator,something
logroll,stretcher
preroll,something
poll parrot,something
profit warning,investor
workaround,couched
thunderstricken,pocket
sump,new
decipher,decoding
preapp,table
unforce,absence
pictura,something
mark as,something
demon dialing,use
gestalt,whole
bust out,debt
calibrate,adjust
hegumen,eastern
tornado,twisting
underrecognize,something
abase,office
dee,something
tail rotor,mounted
Groomsian,urban
Gettier case,something
leaf-cutter bee,use
Ferris wheel,horizontal
nanovid,technique
nanovid,processing
heliculture,typically
whole,something
gynecogenic,responsible
chetnik,power
shake up,new
sapient,contact
four-four time,whole
tornus,bottom
moment of truth,something
epiparietal,parietal
rhythmicity,typically
hindrance,something
prettification,something
discloud,cloud
biomedicine,physiology
biomedicine,clinical
biomedicine,space
biomedicine,use
urological,urology
Barrett's esophagus,reflux
Barrett's esophagus,esophagitis
nonhedged,new
nonhedged,debt
calefactory,holding
succinylome,physiology
overbattle,sometime
castellum,fortlet
zodiacal dust,cloud
panic button,danger
brooklime,axillary
hemicollin,semiglutin
requicken,new
viewpoint,something
macromolecule,nucleic
delatinization,something
pilotage,use
unmechanistic,mechanistic
tinygram,congest
unelect,new
measurable function,space
in-kind,significance
preadvertisement,advertisement
inserting,something
baseline,respective
spearing,something
smelling,something
hired gun,use
hired gun,violent
solventless,use
charizing,conversion
hypochlorous acid,household
plasmidial,resistance
leatwright,construct
chemical reaction,typically
optimate,aristocrat
unprecious,wanted
unprecious,tops
depressor,something
educated,attained
changüí,eastern
conversion,something
conversion,intent
conversion,extent
conversion,utility
conversion,whereby
conversion,new
pardon the expression,use
refiddle,office
mothballer,something
hope chest,table
hope chest,typically
static random access memory,use
terminal velocity,accelerate
jet plane,power
alveolar bone,socket
KLOC,typically
decellularize,contact
bewildered,manager
wondersong,exceptionally
footsie,table
retarder,something
ecopipam,sedative
relive,something
horizontal,horizontally
adblocking,use
antigenic shift,new
caboclo,descent
carillon,sometime
carillon,pedal
autojoin,table
key up,whole
New Prussian,new
breadth,extent
breadth,something
breadth,whole
Internet addiction disorder,use
overjustify,justification
clean coal,power
laureateship,office
rhapsodic,rhapsody
play around,childish
radiolarian ooze,bottom
narrativity,narrative
analytic continuation,analytic
hackable,significance
hackable,use
bowling,urban
soyburger,soy
attention seeker,typically
core lane,exit
hyperlapse,new
sated,something
hazard,something
pedestrianism,something
slipform,use
slipform,technique
prehead,preceding
cup noodles,ramen
DgammaDtime,gamma
heterogeneic,typically
look ahead to,something
pedicular,lousy
cliniconeurological,clinical
biomat,typically
critical illness,diagnosis
undulated antshrike,antbird
explosivity,extent
two-fisted drinker,holding
unsure,footing
trichodysplasia,sometime
kargyraa,technique
in doubt,unsure
nonexcluded,space
double-fisting,inserting
ratissage,violent
ratissage,whereby
concrete verb,office
primary industry,conversion
weightometer,conveyor
reintermediation,reintroduction
hobbler,mounted
reverse integration,minority
ace into,something
gulden,netherlands
prebendaryship,office
meadow,bowered
meadow,scientist
prism,typically
dust off,something
dust off,use
palaeontographical,palaeontography
antevenient,preceding
chromoxylography,technique
chromoxylography,chromoxylograph
cospatial,space
catch someone with one's hand in the cookie jar,something
ebonist,use
photo booth,typically
small molecule drug,typically
rag doll,tornado
alpine snowboarding,use
logania,new
turcopole,mounted
turcopole,locally
new-wave,new
footing,netherlands
on the side of the angels,benevolent
maracatu,use
assay pound,sometime
microdifferentiation,typically
kursaal,use
demobilization,footing
rehandling,something
feeder,something
feeder,transmitter
ngaio,new
wine bottle,holding
processing,technique
presentationalism,stella
academicism,skeptical
watermelon snow,astaxanthin
watermelon snow,sometime
junk food news,new
junk food news,responsible
technique,processing
multisweep,new
multisweep,use
Calvinball,new
lassoist,use
highwrought,worked
planking,space
andative,something
pop up,pocket
pop up,investor
spongeware,pottery
intercycle,processing
cessor,danger
lienculus,sometime
interhousehold,household
ginkgolide,diterpenoid
enabler,something
enabler,typically
enabler,power
disunify,new
disunify,something
log dog,holding
log dog,worked
antiphagocytic,phagocytosis
Malcolm X-ism,resistance
rustbelt,dilapidated
midperiphery,scanty
crashdump,holding
vieux jeu,outmoded
custodian,something
nonpracticing,profession
nonpracticing,ritual
cocksucking,something
sodomy,sometime
pickpenny,power
pickpenny,whole
descope,sometime
carboxymethylated,carboxymethylation
anthanthrenylene,arylene
reconjure,something
radgie,violent
paleopedologist,paleopedology
chitin,responsible
goalscorer,netherlands
detritus,newspaper
crimefighter,abducted
unconducted,sing
monobaramin,descent
bloviator,bloviate
bloviator,typically
allodizing,conversion
allodizing,typically
allodizing,resistance
figure on,something
retitle,new
planophile,horizontal
functional analysis,space
dimension stone,fabricated
call in,something
commodious,use
kinetoscope,new
matrix management,manager
temperance,sometime
smooth breathing,absence
smooth breathing,sometime
hemodynamically,hemodynamics
decode,decoding
multibranding,use
disinsure,danger
saddlenose,use
squawweed,ragwort
tweet,sing
nonenzyme,something
preretinal,new
presentism,new
presentism,agrarian
presentism,urban
benzomorphan,phenazocine
gouda,semihard
shore up,something
Egyptiac,sometime
auto park,use
Toby jug,pottery
Toby jug,holding
seededness,extent
seededness,something
advertise,something
advertise,newspaper
advertise,new
tight ship,wanted
visualization,something
sculpin,bottom
showman,profession
showman,manager
co-sister-in-law,household
slapstick,foolish
insatiably,extent
scorifier,refractory
Valentino,ladies
pibrentasvir,antiviral
formation rule,construct
rebottom,bottom
lousy,something
regarder,responsible
regarder,something
bosker,something
work out,worked
work out,office
bulldoze,chirpy
nonsiphonate,siphonate
sportless,something
penurious,horde
pandect,eastern
pandect,whole
nonexploitation,absence
anchusa,hairy
flossing,use
scaloppine,sometime
paper town,plagiarism
aggregometry,aggregometer
subgridding,use
subgridding,new
staircase lock,bottom
subdeaconship,office
cystocarp,spore
theologically,theological
fresh start,new
virtually,new
cryofluorane,mainly
dodecahistidine,typically
skipping,something
chordin,morphogenetic
pettifogulize,use
Russia leather,use
hillstream,typically
mainly,table
gorgerin,space
nonmotion,absence
methylhydrazine,methyl
window seat,typically
tephrosin,piscicide
rubellalike,rubella
cospeciation,new
existentiation,something
crossvine,sometime
endoperoxidase,conversion
trawler,use
catastrophe,significance
main pot,chips
recomfort,new
shuttle bus,typically
precredit,new
pharmacophysiological,physiology
corporate raid,stake
avoidable,something
exeat,absence
abhisheka,ritual
eveninger,newspaper
handout,use
handout,something
shadowing,technique
oviscape,typically
superdistribution,use
kick to the curb,new
quadratus,quadrangular
horizontal refreshments,relieved
horizontal refreshments,horizontal
emetine,absence
Olympic torch,flame
Scandi-noir,typically
spacelore,space
jumble sale,table
periradicular,diagnosis
pragmatically,use
pragmatically,crying
retrozygomatic,space
come under,something
uncoalescing,coalesce
sesamoid bone,typically
restraint of trade,profession
chef salad,sometime
balls deep,extent
oligodendroglion,axon
technorealism,utopian
pseudoskill,something
disposophobic,disposophobia
as you wish,something
saccharimeter,polarimeter
vasoconstriction,narrowing
brotus,something
brotus,thirteenth
generic programming,programming
Eritrean,descent
Guardianista,newspaper
judgeship,office
pay the piper,something
pay the piper,debt
unadjustable,adjust
megacap,typically
power down,something
trumping,something
antigenocide,worked
antigenocide,eastern
microspherulite,mainly
prepandemic,prophylactic
prepandemic,use
epikeratoprosthesis,contact
epikeratoprosthesis,epithelium
sylvicoline,new
